bill_id,centrality_score,proposed_tier,title,sponsor,introduced_date,policy_area,match_locations,summary_first_200,include (y/n),tier (A/B),notes
119-hr-1736,12.0,A,Generative AI Terrorism Risk Assessment Act,"Rep. Pfluger, August [R-TX-11] (R-TX)",2025-02-27,Armed Forces and National Security,"title:AI,generative ai;summary:artificial intelligence,AI,generative ai,generative artificial intelligence",Generative AI Terrorism Risk Assessment ActThis bill requires the Department of Homeland Security (DHS) to periodically provide Congress with an assessment of threats to the United States posed by the,,,
118-s-1993,10.0,A,A bill to waive immunity under section 230 of the Communications Act of 1934 for claims and charges related to generative artificial intelligence.,"Sen. Hawley, Josh [R-MO] (R-MO)",2023-06-14,"Science, Technology, Communications","title:artificial intelligence,generative artificial intelligence;summary:artificial intelligence,generative artificial intelligence"," This bill limits federal liability protection, sometimes referred to as Section 230 protection, that generally precludes providers and users of an interactive computer service from being held legally",,,
119-hr-334,9.0,A,"To amend the Communications Act of 1934 to establish technical and procedural standards for artificial or prerecorded voice systems created through generative artificial intelligence, and for other pu","Rep. Allen, Rick W. [R-GA-12] (R-GA)",2025-01-13,"Science, Technology, Communications","title:artificial intelligence,generative artificial intelligence;summary:artificial intelligence",This bill provides statutory authority for the application of certain technical and procedural standards to systems that transmit artificial or prerecorded telephone messages generated using artificia,,,
118-hr-8939,8.0,A,"To amend the Communications Act of 1934 to establish technical and procedural standards for artificial or prerecorded voice systems created through generative artificial intelligence, and for other pu","Rep. Allen, Rick W. [R-GA-12] (R-GA)",2024-07-08,"Science, Technology, Communications","title:artificial intelligence,generative artificial intelligence",,,,
118-hr-7913,8.0,A,Generative AI Copyright Disclosure Act of 2024,"Rep. Schiff, Adam B. [D-CA-28] (D-CA)",2024-04-09,Commerce,"title:AI,generative ai",,,,
119-hr-3679,6.0,A,Small Business Artificial Intelligence Advancement Act,"Rep. Collins, Mike [R-GA-10] (R-GA)",2025-06-03,"Science, Technology, Communications","title:artificial intelligence;summary:artificial intelligence,AI",Small Business Artificial Intelligence Advancement ActThis bill directs the National Institute of Standards and Technology (NIST) to develop or identify&nbsp;resources for small businesses to address&,,,
119-hr-5784,6.0,A,AI–WISE Act,"Rep. Scholten, Hillary J. [D-MI-3] (D-MI)",2025-10-17,Commerce,"title:AI;summary:artificial intelligence,AI",Artificial Intelligence Wisdom for Innovative Small Enterprises Act or the AI–WISE ActThis bill requires the Small Business Administration (SBA) to establish and maintain educational resources and mod,,,
119-hr-5764,6.0,A,AI for Main Street Act,"Rep. Alford, Mark [R-MO-4] (R-MO)",2025-10-17,Commerce,"title:AI;summary:artificial intelligence,AI","AI for Main Street ActThis bill requires&nbsp;Small Business Development Centers to assist small businesses in evaluating artificial intelligence, including by providing best practices for using artif",,,
119-s-1213,6.0,A,Protect Elections from Deceptive AI Act,"Sen. Klobuchar, Amy [D-MN] (D-MN)",2025-03-31,Government Operations and Politics,"title:AI;summary:artificial intelligence,AI",Protect Elections from Deceptive AI ActThis bill prohibits the distribution of materially deceptive audio or visual media that is generated by artificial intelligence (AI) relating to federal candidat,,,
119-hr-2385,6.0,A,CREATE AI Act of 2025,"Rep. Obernolte, Jay [R-CA-23] (R-CA)",2025-03-26,"Science, Technology, Communications","title:AI;summary:artificial intelligence,AI","Creating Resources for Every American To Experiment with Artificial Intelligence Act of 2025 or the CREATE AI Act of 2025This bill establishes a national program to provide U.S. researchers, educators",,,
119-hr-1694,6.0,A,AI Accountability Act,"Rep. Harder, Josh [D-CA-9] (D-CA)",2025-02-27,"Science, Technology, Communications","title:AI;summary:artificial intelligence,AI",Artificial Intelligence Accountability Act or the AI Accountability ActThis bill requires the National Telecommunications and Information Administration (NTIA) to study and report on accountability me,,,
118-s-4664,6.0,A,Department of Energy AI Act,"Sen. Manchin, Joe, III [I-WV] (I-WV)",2024-07-10,Energy,"title:AI;summary:artificial intelligence,AI",Department of Energy AI ActThis bill establishes programs related to artificial intelligence (AI) research and security at the Department of Energy (DOE) and provides statutory authority for certain r,,,
118-s-2770,6.0,A,Protect Elections from Deceptive AI Act,"Sen. Klobuchar, Amy [D-MN] (D-MN)",2023-09-12,Government Operations and Politics,"title:AI;summary:artificial intelligence,AI",Protect Elections from Deceptive AI ActThis bill prohibits the distribution of materially deceptive audio or visual media that is generated by artificial intelligence (AI) relating to federal candidat,,,
118-hr-7781,6.0,A,AI PLAN Act,"Rep. Nunn, Zachary [R-IA-3] (R-IA)",2024-03-21,Finance and Financial Sector,"title:AI;summary:artificial intelligence,AI","Artificial Intelligence Practices, Logistics, Actions, and Necessities Act or the AI PLAN ActThis bill requires the Department of the Treasury, the Department of Homeland Security (DHS), and the Depar",,,
118-hr-7694,6.0,A,No AI Audits Act,"Rep. Higgins, Clay [R-LA-3] (R-LA)",2024-03-15,Taxation,"title:AI;summary:artificial intelligence,AI", No AI Audits Act   This bill prohibits the Internal Revenue Service (IRS) from conducting a taxpayer audit based upon the use of artificial intelligence (AI) unless it determines that such AI meets c,,,
118-s-3205,6.0,A,Federal Artificial Intelligence Risk Management Act of 2023,"Sen. Moran, Jerry [R-KS] (R-KS)",2023-11-02,Government Operations and Politics,"title:artificial intelligence;summary:artificial intelligence,AI", Federal Artificial Intelligence Risk Management Act of 2023 This bill directs federal agencies to use the Artificial Intelligence Risk Management Framework developed by the National Institute of Stan,,,
118-s-1564,6.0,A,AI Leadership Training Act,"Sen. Peters, Gary C. [D-MI] (D-MI)",2023-05-11,Government Operations and Politics,"title:AI;summary:artificial intelligence,AI", Artificial Intelligence Leadership Training Act or the AI Leadership Training Act This bill requires the Office of Personnel Management (OPM) to develop and implement an annual training program on ar,,,
118-hr-3369,6.0,A,Artificial Intelligence Accountability Act,"Rep. Harder, Josh [D-CA-9] (D-CA)",2023-05-16,"Science, Technology, Communications","title:artificial intelligence;summary:artificial intelligence,AI", Artificial Intelligence Accountability Act or the AI Accountability Act This bill requires the National Telecommunications and Information Administration (NTIA) to study and report on accountability ,,,
118-hr-4683,6.0,A,Closing Loopholes for the Overseas Use and Development of Artificial Intelligence Act,"Rep. Jackson, Jeff [D-NC-14] (D-NC)",2023-07-17,International Affairs,"title:artificial intelligence;summary:artificial intelligence,AI"," Closing Loopholes for the Overseas Use and Development of Artificial Intelligence Act or the CLOUD AI Act This bill prohibits certain transactions between a U.S. person (i.e., natural person or entit",,,
118-hr-4223,6.0,A,National AI Commission Act,"Rep. Lieu, Ted [D-CA-36] (D-CA)",2023-06-20,"Science, Technology, Communications","title:AI;summary:artificial intelligence,AI",National AI Commission ActThis bill establishes a National Artificial Intelligence (AI) Commission in the legislative branch.&nbsp;The purpose of the commission is to support the role of the United St,,,
118-s-1356,6.0,A,ASSESS AI Act,"Sen. Bennet, Michael F. [D-CO] (D-CO)",2023-04-27,Government Operations and Politics,"title:AI;summary:artificial intelligence,AI"," Assuring Safe, Secure, Ethical, and Stable Systems for AI Act or the ASSESS AI Act This bill directs the President to appoint a task force to assess the privacy, civil rights, and civil liberties imp",,,
118-hr-1718,6.0,A,AI for National Security Act,"Rep. Obernolte, Jay [R-CA-23] (R-CA)",2023-03-22,Armed Forces and National Security,"title:AI;summary:artificial intelligence,AI"," AI for National Security Act This bill modifies Department of Defense policy related to its enterprise-wide procurement of cyber data products and services, including by providing for the use of arti",,,
118-hr-6791,5.0,A,Artificial Intelligence Literacy Act of 2023,"Rep. Blunt Rochester, Lisa [D-DE-At Large] (D-DE)",2023-12-14,"Science, Technology, Communications",title:artificial intelligence;summary:artificial intelligence,"Artificial Intelligence Literacy Act of 2023This bill provides for grants under the Digital Equity Competitive Grant Program to support training and programming on artificial intelligence in schools, ",,,
118-s-3050,5.0,A,Artificial Intelligence Advancement Act of 2023,"Sen. Rounds, Mike [R-SD] (R-SD)",2023-10-17,Armed Forces and National Security,title:artificial intelligence;summary:artificial intelligence,Artificial Intelligence Advancement Act of 2023This bill requires the development of a bug bounty program within the Department of Defense (DOD) and requires various studies and reports related to art,,,
118-s-2502,5.0,A,Artificial Intelligence Bug Bounty Act of 2023,"Sen. Rounds, Mike [R-SD] (R-SD)",2023-07-26,Armed Forces and National Security,title:artificial intelligence;summary:artificial intelligence, Artificial Intelligence Bug Bounty Act of 2023 This bill requires the Chief Digital and Artificial Intelligence Office (CDAO) within the Department of Defense (DOD) to develop a bug bounty program fo,,,
118-s-2399,5.0,A,Artificial Intelligence and Biosecurity Risk Assessment Act,"Sen. Markey, Edward J. [D-MA] (D-MA)",2023-07-19,Health,title:artificial intelligence;summary:artificial intelligence,Artificial Intelligence and Biosecurity Risk Assessment ActThis bill requires the Administration for Strategic Preparedness and Response to assess the risks posed by artificial intelligence in develop,,,
118-s-2346,5.0,A,Strategy for Public Health Preparedness and Response to Artificial Intelligence Threats,"Sen. Budd, Ted [R-NC] (R-NC)",2023-07-18,Health,title:artificial intelligence;summary:artificial intelligence,Strategy for Public Health Preparedness and Response to Artificial Intelligence ThreatsThis bill requires the Department of Health and Human Services to develop a strategy for public health preparedne,,,
118-hr-4704,5.0,A,Artificial Intelligence and Biosecurity Risk Assessment Act,"Rep. Eshoo, Anna G. [D-CA-16] (D-CA)",2023-07-18,Health,title:artificial intelligence;summary:artificial intelligence,Artificial Intelligence and Biosecurity Risk Assessment ActThis bill requires the Administration for Strategic Preparedness and Response to assess the risks posed by artificial intelligence in develop,,,
118-s-1394,5.0,A,Block Nuclear Launch by Autonomous Artificial Intelligence Act of 2023,"Sen. Markey, Edward J. [D-MA] (D-MA)",2023-05-01,Armed Forces and National Security,title:artificial intelligence;summary:artificial intelligence, Block Nuclear Launch by Autonomous Artificial Intelligence Act of 2023 This bill prohibits the use of federal funds for an autonomous weapons system that is not subject to meaningful human control to,,,
118-hr-2894,5.0,A,Block Nuclear Launch by Autonomous Artificial Intelligence Act of 2023,"Rep. Lieu, Ted [D-CA-36] (D-CA)",2023-04-26,Armed Forces and National Security,title:artificial intelligence;summary:artificial intelligence, Block Nuclear Launch by Autonomous Artificial Intelligence Act of 2023 This bill prohibits the use of federal funds for an autonomous weapons system that is not subject to meaningful human control to,,,
119-hr-8664,4.0,A,SBA AI Adoption Reporting Act of 2026,"Rep. Scholten, Hillary J. [D-MI-3] (D-MI)",2026-05-04,,title:AI,,,,
119-s-4456,4.0,A,AI OVERWATCH Act,"Sen. Banks, Jim [R-IN] (R-IN)",2026-04-30,Foreign Trade and International Finance,title:AI,,,,
119-s-4414,4.0,A,LIFT AI Act,"Sen. Schiff, Adam B. [D-CA] (D-CA)",2026-04-28,,title:AI,,,,
119-s-4402,4.0,A,"A bill to require a report on the use of artificial intelligence with respect to access to unminimized information collected pursuant to the Foreign Intelligence Surveillance Act of 1978, and for othe","Sen. Schiff, Adam B. [D-CA] (D-CA)",2026-04-27,Armed Forces and National Security,title:artificial intelligence,,,,
119-hr-8526,4.0,A,"To amend the Public Health Service Act to update quality standards for mammography facilities for the use of AI systems, and for other purposes.","Rep. Schweikert, David [R-AZ-1] (R-AZ)",2026-04-27,,title:AI,,,,
119-hr-8516,4.0,A,American Leadership in AI Act,"Rep. Lieu, Ted [D-CA-36] (D-CA)",2026-04-27,,title:AI,,,,
119-hr-8488,4.0,A,AI Data Center Site Selection Transparency Act of 2026,"Rep. McIver, LaMonica [D-NJ-10] (D-NJ)",2026-04-23,,title:AI,,,,
119-hr-8479,4.0,A,Protecting Consumers from Deceptive AI Act,"Rep. Foushee, Valerie P. [D-NC-4] (D-NC)",2026-04-23,,title:AI,,,,
119-hr-8283,4.0,A,Deterring American AI Model Theft Act of 2026,"Rep. Huizenga, Bill [R-MI-4] (R-MI)",2026-04-15,International Affairs,title:AI,,,,
119-sconres-30,4.0,A,"A concurrent resolution expressing the sense of Congress that the Ratepayer Protection Pledge announced on March 4, 2026, reflects sound national policy to protect ratepayers in the United States, pro","Sen. Scott, Rick [R-FL] (R-FL)",2026-03-25,Energy,title:artificial intelligence,,,,
119-s-4214,4.0,A,Artificial Intelligence Data Center Moratorium Act,"Sen. Sanders, Bernard [I-VT] (I-VT)",2026-03-25,"Science, Technology, Communications",title:artificial intelligence,,,,
119-s-4154,4.0,A,Research and Oversight of AI in Courts Act of 2026,"Sen. Wicker, Roger F. [R-MS] (R-MS)",2026-03-19,Law,title:AI,,,,
119-hr-7997,4.0,A,Research and Oversight of AI in Courts Act of 2026,"Rep. Hageman, Harriet M. [R-WY-At Large] (R-WY)",2026-03-19,Law,title:AI,,,,
119-s-4113,4.0,A,AI Guardrails Act of 2026,"Sen. Slotkin, Elissa [D-MI] (D-MI)",2026-03-17,Armed Forces and National Security,title:AI,,,,
119-hr-7968,4.0,A,Small AI Innovators Empowerment Act,"Rep. Subramanyam, Suhas [D-VA-10] (D-VA)",2026-03-17,Commerce,title:AI,,,,
119-s-4098,4.0,A,Artificial Intelligence-Ready Data Act,"Sen. Budd, Ted [R-NC] (R-NC)",2026-03-16,Government Operations and Politics,title:artificial intelligence,,,,
119-s-4069,4.0,A,AI-Ready Bio-Data Standards Act,"Sen. Young, Todd [R-IN] (R-IN)",2026-03-12,"Science, Technology, Communications",title:AI,,,,
119-hr-7826,4.0,A,HBCU AI Research Leadership Act,"Rep. Foushee, Valerie P. [D-NC-4] (D-NC)",2026-03-05,"Science, Technology, Communications",title:AI,,,,
119-s-3982,4.0,A,AI Fraud Accountability Act of 2026,"Sen. Sheehy, Tim [R-MT] (R-MT)",2026-03-04,Commerce,title:AI,,,,
119-hr-7786,4.0,A,AI Fraud Accountability Act,"Rep. Buchanan, Vern [R-FL-16] (R-FL)",2026-03-04,Commerce,title:AI,,,,
119-hr-7783,4.0,A,AI-Ready Networks Act,"Rep. McClellan, Jennifer L. [D-VA-4] (D-VA)",2026-03-04,"Science, Technology, Communications",title:AI,,,,
119-s-3957,4.0,A,NSF AI Education Act of 2026,"Sen. Moran, Jerry [R-KS] (R-KS)",2026-03-02,"Science, Technology, Communications",title:AI,,,,
119-s-3952,4.0,A,Future of Artificial Intelligence Innovation Act of 2026,"Sen. Young, Todd [R-IN] (R-IN)",2026-02-26,"Science, Technology, Communications",title:artificial intelligence,,,,
119-hr-7697,4.0,A,International AI Energy Grid Modernization Strategy Act,"Rescom. Hernández, Pablo Jose [D-PR-At Large] (D-PR)",2026-02-25,International Affairs,title:AI,,,,
119-hr-7696,4.0,A,AI Cyber Grid Protection Resilient Development Act of 2026,"Rescom. Hernández, Pablo Jose [D-PR-At Large] (D-PR)",2026-02-25,"Science, Technology, Communications",title:AI,,,,
119-hr-7576,4.0,A,AI Workforce Training Act,"Rep. Gottheimer, Josh [D-NJ-5] (D-NJ)",2026-02-13,Taxation,title:AI,,,,
119-s-3888,4.0,A,Small Business Artificial Intelligence Training Act of 2026,"Sen. Moran, Jerry [R-KS] (R-KS)",2026-02-12,Commerce,title:artificial intelligence,,,,
119-s-3809,4.0,A,AI Grand Challenges Act of 2026,"Sen. Booker, Cory A. [D-NJ] (D-NJ)",2026-02-09,"Science, Technology, Communications",title:AI,,,,
119-hr-7434,4.0,A,AI Grand Challenges Act of 2026,"Rep. Lieu, Ted [D-CA-36] (D-CA)",2026-02-09,"Science, Technology, Communications",title:AI,,,,
119-hr-7294,4.0,A,AI for Secure Networks Act,"Rep. Menendez, Robert [D-NJ-8] (D-NJ)",2026-01-30,"Science, Technology, Communications",title:AI,,,,
119-hr-7226,4.0,A,Leveraging Artificial Intelligence to Streamline the Code of Federal Regulations Act of 2026,"Rep. Moore, Blake D. [R-UT-1] (R-UT)",2026-01-22,Government Operations and Politics,title:artificial intelligence,,,,
119-hr-7158,4.0,A,Expanding AI Voices Act,"Rep. Foushee, Valerie P. [D-NC-4] (D-NC)",2026-01-20,"Science, Technology, Communications",title:AI,,,,
119-hr-7151,4.0,A,Artificial Intelligence Public Awareness and Education Campaign Act,"Rep. Barragán, Nanette Diaz [D-CA-44] (D-CA)",2026-01-20,"Science, Technology, Communications",title:artificial intelligence,,,,
119-hr-7064,4.0,A,AI in Health Care Efficiency and Study Act,"Rescom. Hernández, Pablo Jose [D-PR-At Large] (D-PR)",2026-01-14,Health,title:AI,,,,
119-hr-7058,4.0,A,Foreign Adversary AI Risk Assessment and Diplomacy Act,"Rep. Baumgartner, Michael [R-WA-5] (R-WA)",2026-01-14,International Affairs,title:AI,,,,
119-hr-6996,4.0,A,Full AI Stack Export Promotion Act,"Rep. Fine, Randy [R-FL-6] (R-FL)",2026-01-09,Foreign Trade and International Finance,title:AI,,,,
119-s-3586,4.0,A,AI for Mainstreet Act,"Sen. Young, Todd [R-IN] (R-IN)",2026-01-07,Commerce,title:AI,,,,
119-hr-6909,4.0,A,China AI Threat Assessment Act,"Rep. Vindman, Eugene Simon [D-VA-7] (D-VA)",2025-12-18,Armed Forces and National Security,title:AI,,,,
119-hr-6875,4.0,A,AI OVERWATCH Act,"Rep. Mast, Brian J. [R-FL-21] (R-FL)",2025-12-18,International Affairs,title:AI,,,,
119-s-3557,4.0,A,States' Right to Regulate AI Act,"Sen. Markey, Edward J. [D-MA] (D-MA)",2025-12-17,"Science, Technology, Communications",title:AI,,,,
119-s-3495,4.0,A,Artificial Intelligence Scam Prevention Act,"Sen. Klobuchar, Amy [D-MN] (D-MN)",2025-12-16,Commerce,title:artificial intelligence,,,,
119-s-3410,4.0,A,"A bill to establish Federal agency technology and artificial intelligence talent teams to improve competitive service hiring practices, and for other purposes.","Sen. Kim, Andy [D-NJ] (D-NJ)",2025-12-10,Government Operations and Politics,title:artificial intelligence,,,,
119-hr-6573,4.0,A,AI Talent Act,"Rep. Jacobs, Sara [D-CA-51] (D-CA)",2025-12-10,Government Operations and Politics,title:AI,,,,
119-hr-6530,4.0,A,AI Training for National Security Act,"Rep. Larsen, Rick [D-WA-2] (D-WA)",2025-12-09,Armed Forces and National Security,title:AI,,,,
119-s-3339,4.0,A,AI Workforce PREPARE Act,"Sen. Banks, Jim [R-IN] (R-IN)",2025-12-03,Labor and Employment,title:AI,,,,
119-s-3336,4.0,A,Reliable Artificial Intelligence Research Act of 2025,"Sen. Hassan, Margaret Wood [D-NH] (D-NH)",2025-12-03,"Science, Technology, Communications",title:artificial intelligence,,,,
119-hr-6356,4.0,A,Artificial Intelligence Civil Rights Act of 2025,"Rep. Clarke, Yvette D. [D-NY-9] (D-NY)",2025-12-02,"Science, Technology, Communications",title:artificial intelligence,,,,
119-hr-6306,4.0,A,AI Fraud Deterrence Act,"Rep. Lieu, Ted [D-CA-36] (D-CA)",2025-11-25,Crime and Law Enforcement,title:AI,,,,
119-hr-6304,4.0,A,AI for America Act,"Rep. Kiggans, Jennifer A. [R-VA-2] (R-VA)",2025-11-25,"Science, Technology, Communications",title:AI,,,,
119-s-3202,4.0,A,Advanced Artificial Intelligence Security Readiness Act of 2025,"Sen. Young, Todd [R-IN] (R-IN)",2025-11-19,Armed Forces and National Security,title:artificial intelligence,,,,
119-hr-6159,4.0,A,AI for ALL Act,"Rep. Rivas, Luz M. [D-CA-29] (D-CA)",2025-11-19,"Science, Technology, Communications",title:AI,,,,
119-hr-6077,4.0,A,HEAL-AI Act,"Rep. Barragán, Nanette Diaz [D-CA-44] (D-CA)",2025-11-18,Health,title:AI,,,,
119-s-3108,4.0,A,AI-Related Job Impacts Clarity Act,"Sen. Hawley, Josh [R-MO] (R-MO)",2025-11-05,Labor and Employment,title:AI,,,,
119-hr-5885,4.0,A,GAIN AI Act of 2025,"Rep. Moolenaar, John R. [R-MI-2] (R-MI)",2025-10-31,Foreign Trade and International Finance,title:AI,,,,
119-s-3063,4.0,A,LIFE with AI Act,"Sen. Cassidy, Bill [R-LA] (R-LA)",2025-10-28,Education,title:AI,,,,
119-s-2937,4.0,A,AI LEAD Act,"Sen. Durbin, Richard J. [D-IL] (D-IL)",2025-09-29,Commerce,title:AI,,,,
119-hr-5388,4.0,A,American Artificial Intelligence Leadership and Uniformity Act,"Rep. Baumgartner, Michael [R-WA-5] (R-WA)",2025-09-16,Government Operations and Politics,title:artificial intelligence,,,,
119-hr-5332,4.0,A,Liquid Cooling for AI Act of 2025,"Rep. Obernolte, Jay [R-CA-23] (R-CA)",2025-09-11,"Science, Technology, Communications",title:AI,,,,
119-hr-5288,4.0,A,AI Sovereignty Act,"Rep. Vindman, Eugene Simon [D-VA-7] (D-VA)",2025-09-10,International Affairs,title:AI,,,,
119-hr-5272,4.0,A,Protect Elections from Deceptive AI Act,"Rep. Johnson, Julie [D-TX-32] (D-TX)",2025-09-10,Government Operations and Politics,title:AI,,,,
119-hr-5227,4.0,A,Unleashing Low-Cost Rural AI Act,"Rep. Costa, Jim [D-CA-21] (D-CA)",2025-09-09,Energy,title:AI,,,,
119-hr-5045,4.0,A,HEALTH AI Act,"Rep. Lieu, Ted [D-CA-36] (D-CA)",2025-08-26,Health,title:AI,,,,
119-s-2615,4.0,A,VET Artificial Intelligence Act,"Sen. Hickenlooper, John W. [D-CO] (D-CO)",2025-07-31,"Science, Technology, Communications",title:artificial intelligence,,,,
119-s-2606,4.0,A,A bill to require the Commander of United States Cyber Command to complete development of a roadmap for industry collaboration on artificial intelligence-enabled cyber capabilities for cyberspace oper,"Sen. Rounds, Mike [R-SD] (R-SD)",2025-07-31,Armed Forces and National Security,title:artificial intelligence,,,,
119-s-2528,4.0,A,Unleashing AI Innovation in Financial Services Act,"Sen. Rounds, Mike [R-SD] (R-SD)",2025-07-29,Finance and Financial Sector,title:AI,,,,
119-hr-4801,4.0,A,Unleashing AI Innovation in Financial Services Act,"Rep. Hill, J. French [R-AR-2] (R-AR)",2025-07-29,Finance and Financial Sector,title:AI,,,,
119-hr-4628,4.0,A,AI Impersonation Prevention Act of 2025,"Rep. Ansari, Yassamin [D-AZ-3] (D-AZ)",2025-07-23,Crime and Law Enforcement,title:AI,,,,
119-s-2381,4.0,A,PROACTIV Artificial Intelligence Data Act of 2025,"Sen. Cornyn, John [R-TX] (R-TX)",2025-07-22,"Science, Technology, Communications",title:artificial intelligence,,,,
119-s-2346,4.0,A,Preparing Election Administrators for AI Act,"Sen. Klobuchar, Amy [D-MN] (D-MN)",2025-07-17,Government Operations and Politics,title:AI,,,,
119-hr-4142,4.0,A,No Adversarial AI Act,"Rep. Moolenaar, John R. [R-MI-2] (R-MI)",2025-06-25,Government Operations and Politics,title:AI,,,,
119-s-1792,4.0,A,AI Whistleblower Protection Act,"Sen. Grassley, Chuck [R-IA] (R-IA)",2025-05-15,Labor and Employment,title:AI,,,,
119-hr-3434,4.0,A,Protecting AI and Cloud Competition in Defense Act of 2025,"Rep. Fallon, Pat [R-TX-4] (R-TX)",2025-05-15,Armed Forces and National Security,title:AI,,,,
119-s-1699,4.0,A,Artificial Intelligence Public Awareness and Education Campaign Act,"Sen. Young, Todd [R-IN] (R-IN)",2025-05-08,"Science, Technology, Communications",title:artificial intelligence,,,,
119-hr-3303,4.0,A,America—Israel AI Cooperation Act,"Rep. Ogles, Andrew [R-TN-5] (R-TN)",2025-05-08,International Affairs,title:AI,,,,
119-s-1638,4.0,A,Protection Against Foreign Adversarial Artificial Intelligence Act of 2025,"Sen. Cassidy, Bill [R-LA] (R-LA)",2025-05-07,"Science, Technology, Communications",title:artificial intelligence,,,,
119-hr-3210,4.0,A,Artificial Intelligence Literacy and Inclusion Act,"Rep. Espaillat, Adriano [D-NY-13] (D-NY)",2025-05-06,"Science, Technology, Communications",title:artificial intelligence,,,,
119-s-1290,4.0,A,Artificial Intelligence and Critical Technology Workforce Framework Act of 2025,"Sen. Peters, Gary C. [D-MI] (D-MI)",2025-04-03,"Science, Technology, Communications",title:artificial intelligence,,,,
119-s-1110,4.0,A,Leveraging Artificial Intelligence to Streamline the Code of Federal Regulations Act of 2025,"Sen. Husted, Jon [R-OH] (R-OH)",2025-03-25,Government Operations and Politics,title:artificial intelligence,,,,
119-hr-2152,4.0,A,AI PLAN Act,"Rep. Nunn, Zachary [R-IA-3] (R-IA)",2025-03-14,Finance and Financial Sector,title:AI,,,,
119-hr-1283,4.0,A,Protecting Our Children in an AI World Act of 2025,"Rep. Bilirakis, Gus M. [R-FL-12] (R-FL)",2025-02-13,Crime and Law Enforcement,title:AI,,,,
119-s-501,4.0,A,Strategy for Public Health Preparedness and Response to Artificial Intelligence Threats,"Sen. Budd, Ted [R-NC] (R-NC)",2025-02-10,Health,title:artificial intelligence,,,,
119-s-321,4.0,A,Decoupling America's Artificial Intelligence Capabilities from China Act of 2025,"Sen. Hawley, Josh [R-MO] (R-MO)",2025-01-29,Crime and Law Enforcement,title:artificial intelligence,,,,
118-s-5620,4.0,A,A bill to require the Government Accountability Office to conduct a study on the use of commercial-off-the-shelf products and artificial intelligence technologies by the Internal Revenue Service.,"Sen. Warner, Mark R. [D-VA] (D-VA)",2024-12-19,Taxation,title:artificial intelligence,,,,
118-s-5616,4.0,A,Preserving American Dominance in Artificial Intelligence Act of 2024,"Sen. Romney, Mitt [R-UT] (R-UT)",2024-12-19,"Science, Technology, Communications",title:artificial intelligence,,,,
118-s-4769,4.0,A,VET Artificial Intelligence Act,"Sen. Hickenlooper, John W. [D-CO] (D-CO)",2024-07-24,"Science, Technology, Communications",title:artificial intelligence,,,,
118-s-4596,4.0,A,Artificial Intelligence Public Awareness and Education Campaign Act,"Sen. Young, Todd [R-IN] (R-IN)",2024-06-20,"Science, Technology, Communications",title:artificial intelligence,,,,
118-s-4178,4.0,A,Future of Artificial Intelligence Innovation Act of 2024,"Sen. Cantwell, Maria [D-WA] (D-WA)",2024-04-18,"Science, Technology, Communications",title:artificial intelligence,,,,
118-s-3312,4.0,A,"Artificial Intelligence Research, Innovation, and Accountability Act of 2024","Sen. Thune, John [R-SD] (R-SD)",2023-11-15,"Science, Technology, Communications",title:artificial intelligence,,,,
118-s-3162,4.0,A,TEST AI Act of 2024,"Sen. Luján, Ben Ray [D-NM] (D-NM)",2023-10-30,"Science, Technology, Communications",title:AI,,,,
118-s-2714,4.0,A,CREATE AI Act of 2024,"Sen. Heinrich, Martin [D-NM] (D-NM)",2023-07-27,"Science, Technology, Communications",title:AI,,,,
118-s-5539,4.0,A,TBD AI Act of 2024,"Sen. Welch, Peter [D-VT] (D-VT)",2024-12-16,Government Operations and Politics,title:AI,,,,
118-s-4495,4.0,A,PREPARED for AI Act,"Sen. Peters, Gary C. [D-MI] (D-MI)",2024-06-11,Government Operations and Politics,title:AI,,,,
118-s-5436,4.0,A,Protecting AI and Cloud Competition in Defense Act of 2024,"Sen. Warren, Elizabeth [D-MA] (D-MA)",2024-12-05,Armed Forces and National Security,title:AI,,,,
118-hr-10263,4.0,A,Responsible AI Disclosure Act of 2024,"Rep. Waters, Maxine [D-CA-43] (D-CA)",2024-11-26,Finance and Financial Sector,title:AI,,,,
118-hr-10262,4.0,A,AI Act of 2024,"Rep. Waters, Maxine [D-CA-43] (D-CA)",2024-11-26,Finance and Financial Sector,title:AI,,,,
118-hr-10125,4.0,A,AI Fraud Deterrence Act,"Rep. Lieu, Ted [D-CA-36] (D-CA)",2024-11-14,Crime and Law Enforcement,title:AI,,,,
118-s-5152,4.0,A,Artificial Intelligence Civil Rights Act of 2024,"Sen. Markey, Edward J. [D-MA] (D-MA)",2024-09-24,"Science, Technology, Communications",title:artificial intelligence,,,,
118-hr-9720,4.0,A,AI Incident Reporting and Security Enhancement Act,"Rep. Ross, Deborah K. [D-NC-2] (D-NC)",2024-09-20,"Science, Technology, Communications",title:AI,,,,
118-hr-9673,4.0,A,Consumers LEARN AI Act,"Rep. Blunt Rochester, Lisa [D-DE-At Large] (D-DE)",2024-09-19,"Science, Technology, Communications",title:AI,,,,
118-hr-9671,4.0,A,Department of Energy Artificial Intelligence Act of 2024,"Rep. Williams, Brandon [R-NY-22] (R-NY)",2024-09-18,"Science, Technology, Communications",title:artificial intelligence,,,,
118-hr-9639,4.0,A,AI Ads Act,"Rep. Schiff, Adam B. [D-CA-28] (D-CA)",2024-09-17,Government Operations and Politics,title:AI,,,,
118-s-5058,4.0,A,AI ACCORD Act of 2024,"Sen. Ernst, Joni [R-IA] (R-IA)",2024-09-16,Armed Forces and National Security,title:AI,,,,
118-s-2293,4.0,A,AI LEAD Act,"Sen. Peters, Gary C. [D-MI] (D-MI)",2023-07-13,Government Operations and Politics,title:AI,,,,
118-hr-9497,4.0,A,AI Advancement and Reliability Act of 2024,"Rep. Obernolte, Jay [R-CA-23] (R-CA)",2024-09-09,"Science, Technology, Communications",title:AI,,,,
118-hr-9475,4.0,A,AI Grand Challenges Act of 2024,"Rep. Lieu, Ted [D-CA-36] (D-CA)",2024-09-06,"Science, Technology, Communications",title:AI,,,,
118-hr-9466,4.0,A,AI Development Practices Act of 2024,"Rep. Baird, James R. [R-IN-4] (R-IN)",2024-09-06,"Science, Technology, Communications",title:AI,,,,
118-hr-9403,4.0,A,Expanding AI Voices Act,"Rep. Foushee, Valerie P. [D-NC-4] (D-NC)",2024-08-23,"Science, Technology, Communications",title:AI,,,,
118-hr-9402,4.0,A,NSF AI Education Act of 2024,"Rep. Fong, Vince [R-CA-20] (R-CA)",2024-08-23,"Science, Technology, Communications",title:AI,,,,
118-hr-9309,4.0,A,Unleashing AI Innovation in Financial Services Act,"Rep. Hill, J. French [R-AR-2] (R-AR)",2024-08-06,Finance and Financial Sector,title:AI,,,,
118-s-4976,4.0,A,Artificial Intelligence Acquisitions Act of 2024,"Sen. Rubio, Marco [R-FL] (R-FL)",2024-08-01,"Science, Technology, Communications",title:artificial intelligence,,,,
118-s-4951,4.0,A,Unleashing AI Innovation in Financial Services Act,"Sen. Rounds, Mike [R-SD] (R-SD)",2024-08-01,Finance and Financial Sector,title:AI,,,,
118-s-4487,4.0,A,Small Business Artificial Intelligence Training Act of 2024,"Sen. Cantwell, Maria [D-WA] (D-WA)",2024-06-11,Commerce,title:artificial intelligence,,,,
118-s-4394,4.0,A,NSF AI Education Act of 2024,"Sen. Cantwell, Maria [D-WA] (D-WA)",2024-05-22,"Science, Technology, Communications",title:AI,,,,
118-s-4896,4.0,A,AI Innovation and Development for Efficiency Act of 2024,"Sen. Welch, Peter [D-VT] (D-VT)",2024-07-31,"Science, Technology, Communications",title:AI,,,,
118-s-4870,4.0,A,A bill to require reports on artificial intelligence regulation in the financial services industry.,"Sen. Rounds, Mike [R-SD] (R-SD)",2024-07-30,Finance and Financial Sector,title:artificial intelligence,,,,
118-s-4862,4.0,A,"A bill to ensure that new advances in artificial intelligence are ethically adopted to improve the health of all individuals, and for other purposes.","Sen. Rounds, Mike [R-SD] (R-SD)",2024-07-30,Health,title:artificial intelligence,,,,
118-s-4838,4.0,A,Consumers LEARN AI Act,"Sen. Kelly, Mark [D-AZ] (D-AZ)",2024-07-30,"Science, Technology, Communications",title:AI,,,,
118-hr-9215,4.0,A,Workforce for AI Trust Act,"Rep. Lofgren, Zoe [D-CA-18] (D-CA)",2024-07-30,"Science, Technology, Communications",title:AI,,,,
118-hr-9211,4.0,A,LIFT AI Act,"Rep. Kean, Thomas H. [R-NJ-7] (R-NJ)",2024-07-30,"Science, Technology, Communications",title:AI,,,,
118-hr-9197,4.0,A,Small Business Artificial Intelligence Advancement Act,"Rep. Collins, Mike [R-GA-10] (R-GA)",2024-07-30,"Science, Technology, Communications",title:artificial intelligence,,,,
118-s-4758,4.0,A,"A bill to require the Secretary of Defense to carry out a pilot program on using artificial intelligence-enabled software to optimize the workflow and operations of depots, shipyards, and other manufa","Sen. Rounds, Mike [R-SD] (R-SD)",2024-07-24,Armed Forces and National Security,title:artificial intelligence,,,,
118-hr-9044,4.0,A,"To provide for citizen engagement on the development and adoption of Federal civilian agency use of artificial intelligence, and for other purposes.","Rep. Jackson Lee, Sheila [D-TX-18] (D-TX)",2024-07-15,Government Operations and Politics,title:artificial intelligence,,,,
118-hr-9043,4.0,A,"To provide for Federal civilian agency laboratory development for testing and certification of artificial intelligence for civilian agency use, and for other purposes.","Rep. Jackson Lee, Sheila [D-TX-18] (D-TX)",2024-07-15,"Science, Technology, Communications",title:artificial intelligence,,,,
118-hr-9042,4.0,A,Civilian Agency AI Watermark Act,"Rep. Jackson Lee, Sheila [D-TX-18] (D-TX)",2024-07-15,Commerce,title:AI,,,,
118-s-4714,4.0,A,Fraudulent Artificial Intelligence Regulations (FAIR) Elections Act of 2024,"Sen. Merkley, Jeff [D-OR] (D-OR)",2024-07-11,Government Operations and Politics,title:artificial intelligence,,,,
118-hr-8858,4.0,A,Securing Elections From AI Deception Act,"Rep. Brown, Shontel M. [D-OH-11] (D-OH)",2024-06-27,Government Operations and Politics,title:AI,,,,
118-hr-8756,4.0,A,AI LEAD Act,"Rep. Connolly, Gerald E. [D-VA-11] (D-VA)",2024-06-14,Government Operations and Politics,title:AI,,,,
118-hr-8700,4.0,A,International Artificial Intelligence Research Partnership Act of 2024,"Rep. Torres, Norma J. [D-CA-35] (D-CA)",2024-06-11,"Science, Technology, Communications",title:artificial intelligence,,,,
118-hr-8668,4.0,A,AI Transparency in Elections Act of 2024,"Rep. Morelle, Joseph D. [D-NY-25] (D-NY)",2024-06-07,Government Operations and Politics,title:AI,,,,
118-s-3897,4.0,A,Preparing Election Administrators for AI Act,"Sen. Klobuchar, Amy [D-MN] (D-MN)",2024-03-11,Government Operations and Politics,title:AI,,,,
118-s-3875,4.0,A,AI Transparency in Elections Act of 2024,"Sen. Klobuchar, Amy [D-MN] (D-MN)",2024-03-06,Government Operations and Politics,title:AI,,,,
118-hr-8384,4.0,A,Protect Elections from Deceptive AI Act,"Rep. Kilmer, Derek [D-WA-6] (D-WA)",2024-05-14,Government Operations and Politics,title:AI,,,,
118-hr-8353,4.0,A,Preparing Election Administrators for AI Act,"Rep. Houlahan, Chrissy [D-PA-6] (D-PA)",2024-05-10,Government Operations and Politics,title:AI,,,,
118-hr-8348,4.0,A,CISA Securing AI Task Force Act,"Rep. Carter, Troy A. [D-LA-2] (D-LA)",2024-05-10,Armed Forces and National Security,title:AI,,,,
118-s-4236,4.0,A,AI Grand Challenges Act of 2024,"Sen. Booker, Cory A. [D-NJ] (D-NJ)",2024-05-01,"Science, Technology, Communications",title:AI,,,,
118-hr-8005,4.0,A,Child Exploitation and Artificial Intelligence Expert Commission Act of 2024,"Rep. Langworthy, Nicholas A. [R-NY-23] (R-NY)",2024-04-15,Crime and Law Enforcement,title:artificial intelligence,,,,
118-hr-7766,4.0,A,Protecting Consumers from Deceptive AI Act,"Rep. Eshoo, Anna G. [D-CA-16] (D-CA)",2024-03-21,"Science, Technology, Communications",title:AI,,,,
118-s-3975,4.0,A,AI CONSENT Act,"Sen. Welch, Peter [D-VT] (D-VT)",2024-03-19,Commerce,title:AI,,,,
118-hr-7603,4.0,A,To direct the Secretary of Defense to ensure that the audit of the financial statements of the Department of Defense for fiscal year 2024 is conducted using technology that uses artificial intelligenc,"Rep. Schweikert, David [R-AZ-1] (R-AZ)",2024-03-08,Armed Forces and National Security,title:artificial intelligence,,,,
118-hr-7381,4.0,A,HEALTH AI,"Rep. Lieu, Ted [D-CA-36] (D-CA)",2024-02-15,Health,title:AI,,,,
118-s-3732,4.0,A,Artificial Intelligence Environmental Impacts Act of 2024,"Sen. Markey, Edward J. [D-MA] (D-MA)",2024-02-01,Environmental Protection,title:artificial intelligence,,,,
118-hr-7197,4.0,A,Artificial Intelligence Environmental Impacts Act of 2024,"Rep. Eshoo, Anna G. [D-CA-16] (D-CA)",2024-02-01,Environmental Protection,title:artificial intelligence,,,,
118-hr-6943,4.0,A,No AI FRAUD Act,"Rep. Salazar, Maria Elvira [R-FL-27] (R-FL)",2024-01-10,Commerce,title:AI,,,,
118-hr-6936,4.0,A,Federal Artificial Intelligence Risk Management Act of 2024,"Rep. Lieu, Ted [D-CA-36] (D-CA)",2024-01-10,Government Operations and Politics,title:artificial intelligence,,,,
118-hr-6881,4.0,A,AI Foundation Model Transparency Act of 2023,"Rep. Beyer, Donald S., Jr. [D-VA-8] (D-VA)",2023-12-22,Commerce,title:AI,,,,
118-hr-2670,4.0,B,National Defense Authorization Act for Fiscal Year 2024,"Rep. Rogers, Mike D. [R-AL-3] (R-AL)",2023-04-18,Armed Forces and National Security,"summary:artificial intelligence,machine learning,AI,generative ai",National Defense Authorization Act for Fiscal Year 2024DIVISION A--DEPARTMENT OF DEFENSE AUTHORIZATIONSTITLE I--PROCUREMENTThis title authorizes appropriations for the acquisition or modification of v,,,
118-hr-6466,4.0,A,AI Labeling Act of 2023,"Rep. Kean, Thomas H. [R-NJ-7] (R-NJ)",2023-11-21,Commerce,title:AI,,,,
118-hr-6425,4.0,A,"To direct the Secretary of Defense to establish a working group to develop and coordinate an artificial intelligence initiative among the Five Eyes countries, and for other purposes.","Rep. Gallagher, Mike [R-WI-8] (R-WI)",2023-11-15,Armed Forces and National Security,title:artificial intelligence,,,,
118-hr-6088,4.0,A,Ensuring Safe and Ethical AI Development Through SAFE AI Research Grants,"Rep. Kiley, Kevin [R-CA-3] (R-CA)",2023-10-26,"Science, Technology, Communications",title:AI,,,,
118-s-3004,4.0,A,"A bill to specify control and management of Department of Defense data and to establish the Chief Digital and Artificial Intelligence Officer Governing Council, and for other purposes.","Sen. Manchin, Joe, III [D-WV] (D-WV)",2023-10-03,Armed Forces and National Security,title:artificial intelligence,,,,
118-s-2765,4.0,A,Advisory for AI-Generated Content Act,"Sen. Ricketts, Pete [R-NE] (R-NE)",2023-09-12,Commerce,title:AI,,,,
118-hr-5077,4.0,A,CREATE AI Act of 2023,"Rep. Eshoo, Anna G. [D-CA-16] (D-CA)",2023-07-28,"Science, Technology, Communications",title:AI,,,,
118-s-2691,4.0,A,AI Labeling Act of 2023,"Sen. Schatz, Brian [D-HI] (D-HI)",2023-07-27,Commerce,title:AI,,,,
118-hr-4503,4.0,A,AI Training Expansion Act of 2023,"Rep. Mace, Nancy [R-SC-1] (R-SC)",2023-07-10,Government Operations and Politics,title:AI,,,,
118-hr-3831,4.0,A,AI Disclosure Act of 2023,"Rep. Torres, Ritchie [D-NY-15] (D-NY)",2023-06-05,Commerce,title:AI,,,,
119-hr-238,3.0,B,Healthy Technology Act of 2025,"Rep. Schweikert, David [R-AZ-1] (R-AZ)",2025-01-07,Health,"summary:artificial intelligence,machine learning,AI","Healthy Technology Act of 2025 This bill establishes that artificial intelligence (AI) or machine learning technology may be eligible to prescribe drugs.Currently, certain drugs may be dispensed only ",,,
118-hr-5009,3.0,B,Servicemember Quality of Life Improvement and National Defense Authorization Act for Fiscal Year 2025,"Rep. Joyce, David P. [R-OH-14] (R-OH)",2023-07-27,Armed Forces and National Security,"summary:artificial intelligence,machine learning,AI",Servicemember Quality of Life Improvement and National Defense Authorization Act for Fiscal Year 2025This bill authorizes for FY2025 and sets forth policies for Department of Defense (DOD) programs an,,,
118-s-1596,3.0,B,REAL Political Advertisements Act,"Sen. Klobuchar, Amy [D-MN] (D-MN)",2023-05-15,Government Operations and Politics,"summary:artificial intelligence,AI,generative ai"," Require the Exposure of AI-Led Political Advertisements Act or the REAL Political Advertisements Act This bill expands certain disclosure and disclaimer requirements for political campaigns, includin",,,
118-hr-3044,3.0,B,REAL Political Advertisements Act,"Rep. Clarke, Yvette D. [D-NY-9] (D-NY)",2023-05-02,Government Operations and Politics,"summary:artificial intelligence,AI,generative ai"," Require the Exposure of AI-Led Political Advertisements Act or the REAL Political Advertisements Act This bill expands certain disclosure and disclaimer requirements for political campaigns, includin",,,
118-s-262,3.0,B,Stop Spying Bosses Act,"Sen. Casey, Robert P., Jr. [D-PA] (D-PA)",2023-02-02,Labor and Employment,"summary:artificial intelligence,machine learning,automated decision system", Stop Spying Bosses Act  This bill establishes requirements for employers with respect to the collection and disclosure of certain worker data. The requirements apply to employers with more than 10 wo,,,
118-hr-206,3.0,B,Healthy Technology Act of 2023,"Rep. Schweikert, David [R-AZ-1] (R-AZ)",2023-01-09,Health,"summary:artificial intelligence,machine learning,AI"," Healthy Technology Act of 2023  This bill establishes that artificial intelligence (AI) or machine learning technology may be eligible to prescribe drugs. Currently, certain drugs may be dispensed on",,,
119-s-4216,2.0,B,GUARDRAILS Act,"Sen. Schatz, Brian [D-HI] (D-HI)",2026-03-26,"Science, Technology, Communications",govinfo_title:AI,,,,
119-hr-7985,2.0,B,CHATBOT Act,"Rep. Mullin, Kevin [D-CA-15] (D-CA)",2026-03-18,Commerce,govinfo_title:AI,,,,
119-s-3813,2.0,B,CLEAR Act,"Sen. Schiff, Adam B. [D-CA] (D-CA)",2026-02-10,Commerce,govinfo_title:AI,,,,
119-hr-7218,2.0,B,CHAT Act,"Rep. Lawler, Michael [R-NY-17] (R-NY)",2026-01-22,Commerce,govinfo_title:AI,,,,
119-hr-7209,2.0,B,TRAIN Act,"Rep. Dean, Madeleine [D-PA-4] (D-PA)",2026-01-22,Commerce,govinfo_title:artificial intelligence,,,,
119-s-3454,2.0,B,GUARD Act of 2025,"Sen. Cornyn, John [R-TX] (R-TX)",2025-12-11,Armed Forces and National Security,govinfo_title:artificial intelligence,,,,
119-s-3354,2.0,B,QUIET Act,"Sen. Curtis, John R. [R-UT] (R-UT)",2025-12-04,"Science, Technology, Communications","summary:artificial intelligence,AI",Quashing Unwanted and Interruptive Electronic Telecommunications Act or the QUIET ActThis bill establishes a disclosure requirement for robocalls that use artificial intelligence (AI) to emulate a hum,,,
119-hr-5466,2.0,B,GUARD Act,"Rep. Jackson, Ronny [R-TX-13] (R-TX)",2025-09-18,Armed Forces and National Security,govinfo_title:AI,,,,
119-s-2750,2.0,B,SANDBOX Act,"Sen. Cruz, Ted [R-TX] (R-TX)",2025-09-10,"Science, Technology, Communications",govinfo_title:artificial intelligence,,,,
119-s-2495,2.0,B,Keep Call Centers in America Act of 2025,"Sen. Gallego, Ruben [D-AZ] (D-AZ)",2025-07-29,"Science, Technology, Communications","summary:artificial intelligence,AI","Keep Call Centers in America Act of 2025This bill generally requires businesses to make U.S.-based, human customer service agents available to consumers and makes certain businesses ineligible for fed",,,
119-s-2455,2.0,B,TRAIN Act,"Sen. Welch, Peter [D-VT] (D-VT)",2025-07-24,Commerce,govinfo_title:artificial intelligence,,,,
119-s-2262,2.0,B,American Voices in Federal Lands Act,"Sen. Barrasso, John [R-WY] (R-WY)",2025-07-10,Public Lands and Natural Resources,"summary:artificial intelligence,AI",American Voices in Federal Lands ActThis bill directs the Bureau of Land Management to modify its public comment system by (1) only considering public comments from U.S. citizens; and (2) deterring at,,,
119-hr-1,2.0,B,An act to provide for reconciliation pursuant to title II of H. Con. Res. 14.,"Rep. Arrington, Jodey C. [R-TX-19] (R-TX)",2025-05-20,Economics and Public Finance,"summary:artificial intelligence,machine learning","This bill reduces taxes, reduces or increases spending for various federal programs, increases the statutory debt limit, and otherwise addresses agencies and programs throughout the federal government",,,
119-hr-3647,2.0,B,SAFE CROSS Act,"Rep. Mullin, Kevin [D-CA-15] (D-CA)",2025-05-29,Transportation and Public Works,govinfo_title:AI,,,,
119-s-1396,2.0,B,Content Origin Protection and Integrity from Edited and Deepfaked Media Act of 2025,"Sen. Cantwell, Maria [D-WA] (D-WA)",2025-04-09,"Science, Technology, Communications","summary:artificial intelligence,AI","Content Origin Protection and Integrity from Edited and Deepfaked Media Act of 2025This bill requires certain tools used to create or modify digital content, including artificial intelligence (AI), to",,,
119-s-1378,2.0,B,TAME Extreme Weather and Wildfires Act,"Sen. Schatz, Brian [D-HI] (D-HI)",2025-04-09,"Science, Technology, Communications",govinfo_title:artificial intelligence,,,,
119-hr-2770,2.0,B,TAME Extreme Weather and Wildfires Act,"Rep. Franklin, Scott [R-FL-18] (R-FL)",2025-04-09,"Science, Technology, Communications",govinfo_title:artificial intelligence,,,,
119-hr-1326,2.0,B,DOE and USDA Interagency Research Act,"Rep. Lucas, Frank D. [R-OK-3] (R-OK)",2025-02-13,Agriculture and Food,"summary:artificial intelligence,machine learning",DOE and USDA Interagency Research ActThis bill requires the Department of Energy and Department of Agriculture to carry out cross-cutting and collaborative research and development activities through ,,,
119-hr-1569,2.0,B,CATCH Fentanyl Act,"Rep. Higgins, Clay [R-LA-3] (R-LA)",2025-02-25,Immigration,"summary:artificial intelligence,machine learning",Contraband Awareness Technology Catches Harmful Fentanyl Act or the CATCH Fentanyl Act&nbsp;This bill establishes a pilot program for improving the inspection of conveyances or modes of transportation,,,
119-hr-1027,2.0,B,QUIET Act,"Rep. Sorensen, Eric [D-IL-17] (D-IL)",2025-02-05,"Science, Technology, Communications","summary:artificial intelligence,AI",Quashing Unwanted and Interruptive Electronic Telecommunications Act or the QUIET ActThis bill establishes a disclosure requirement for robocalls that use artificial intelligence (AI) to emulate a hum,,,
118-hr-7532,2.0,B,Federal A.I. Governance and Transparency Act of 2024,"Rep. Comer, James [R-KY-1] (R-KY)",2024-03-05,Government Operations and Politics,govinfo_title:AI,,,,
118-s-5379,2.0,B,TRAIN Act,"Sen. Welch, Peter [D-VT] (D-VT)",2024-11-21,Commerce,govinfo_title:artificial intelligence,,,,
118-s-5239,2.0,B,AWARE Act of 2024,"Sen. Welch, Peter [D-VT] (D-VT)",2024-09-25,Armed Forces and National Security,govinfo_title:artificial intelligence,,,,
118-hr-9737,2.0,B,Secure A.I. Act of 2024,"Rep. Ross, Deborah K. [D-NC-2] (D-NC)",2024-09-20,"Science, Technology, Communications","summary:artificial intelligence,AI",Secure Artificial Intelligence Act of 2024 or the Secure A.I. Act of 2024This bill directs federal agencies to establish mechanisms to manage security and safety risks related to the use of artificial,,,
118-hr-9498,2.0,B,TAME Extreme Weather Act,"Rep. Franklin, Scott [R-FL-18] (R-FL)",2024-09-09,"Science, Technology, Communications",govinfo_title:artificial intelligence,,,,
118-s-3849,2.0,B,Promoting United States Leadership in Standards Act of 2024,"Sen. Warner, Mark R. [D-VA] (D-VA)",2024-02-29,"Science, Technology, Communications","summary:artificial intelligence,AI",Promoting United States Leadership in Standards Act of 2024This bill requires the National Institute of Standards and Technology (NIST) to support U.S. involvement in the development of standards for ,,,
118-s-3696,2.0,B,DEFIANCE Act of 2024,"Sen. Durbin, Richard J. [D-IL] (D-IL)",2024-01-30,Crime and Law Enforcement,"summary:artificial intelligence,machine learning",Disrupt Explicit Forged Images and Non-Consensual Edits Act of 2024 or the DEFIANCE Act of 2024This bill establishes a civil cause of action for individuals who are the subject of nonconsensual digita,,,
118-hr-8070,2.0,B,Servicemember Quality of Life Improvement and National Defense Authorization Act for Fiscal Year 2025,"Rep. Rogers, Mike D. [R-AL-3] (R-AL)",2024-04-18,Armed Forces and National Security,"summary:artificial intelligence,machine learning",Servicemember Quality of Life Improvement and National Defense Authorization Act for Fiscal Year 2025This bill authorizes for FY2025 and sets policies for Department of Defense (DOD) programs and acti,,,
118-s-4614,2.0,B,SMART in Schools Act,"Sen. Markey, Edward J. [D-MA] (D-MA)",2024-06-20,Education,govinfo_title:AI,,,,
118-hr-3935,2.0,B,FAA Reauthorization Act of 2024,"Rep. Graves, Sam [R-MO-6] (R-MO)",2023-06-09,Transportation and Public Works,"summary:artificial intelligence,machine learning",FAA Reauthorization Act of 2024This act reauthorizes through FY2028 and revises Federal Aviation Administration (FAA) and National Transportation Safety Board (NTSB) programs and activities.TITLE I--A,,,
118-hr-8283,2.0,B,Clean CLAIMS Act,"Rep. Schweikert, David [R-AZ-1] (R-AZ)",2024-05-07,Health,govinfo_title:artificial intelligence,,,,
118-s-4230,2.0,B,Secure A.I. Act of 2024,"Sen. Warner, Mark R. [D-VA] (D-VA)",2024-05-01,"Science, Technology, Communications",govinfo_title:artificial intelligence,,,,
118-s-3888,2.0,B,TAME Extreme Weather Act,"Sen. Schatz, Brian [D-HI] (D-HI)",2024-03-06,"Science, Technology, Communications","summary:artificial intelligence,AI",Transformational Artificial intelligence to Modernize the Economy against Extreme Weather Act or the TAME Extreme Weather ActThis bill requires several agencies to develop programs that use artificial,,,
118-hr-5230,2.0,B,Basic Allowance for Housing Calculation Improvement Act of 2023,"Rep. Bacon, Don [R-NE-2] (R-NE)",2023-08-18,Armed Forces and National Security,"summary:artificial intelligence,machine learning", Basic Allowance for Housing Calculation Improvement Act of 2023 This bill requires the Department of Defense to seek to enter into an agreement with an entity to calculate the monthly basic allowance,,,
118-s-1626,2.0,B,ASK Act,"Sen. Scott, Rick [R-FL] (R-FL)",2023-05-16,"Science, Technology, Communications","summary:artificial intelligence,AI"," AI Shield for Kids Act or the ASK Act This bill restricts a minor's access to programs, services, applications, or other products that contain any artificial intelligence (AI) features, such as chat ",,,
118-hr-1715,2.0,B,Advanced Weather Model Computing Development Act,"Rep. Miller, Max L. [R-OH-7] (R-OH)",2023-03-22,"Science, Technology, Communications","summary:artificial intelligence,machine learning", Advanced Weather Model Computing Development Act This bill requires the Department of Energy (DOE) and the National Oceanic and Atmospheric Administration (NOAA) to carry out research on advancing we,,,
119-s-4067,1.0,B,Land Grant Research Prioritization Act of 2026,"Sen. Ossoff, Jon [D-GA] (D-GA)",2026-03-11,Agriculture and Food,summary:artificial intelligence,"Land Grant Research Prioritization Act of 2026This bill includes additional priorities as Department of Agriculture (USDA) high-priority research and extension areas.Under the bill, USDA may award&nbs",,,
119-hr-7734,1.0,B,Land Grant Research Prioritization Act of 2026,"Rep. Franklin, Scott [R-FL-18] (R-FL)",2026-02-26,Agriculture and Food,summary:artificial intelligence,"Land Grant Research Prioritization Act of 2026This bill includes additional priorities as Department of Agriculture (USDA) high-priority research and extension areas.Under the bill, USDA may award&nbs",,,
119-s-1071,1.0,B,National Defense Authorization Act for Fiscal Year 2026,"Sen. Cornyn, John [R-TX] (R-TX)",2025-03-14,Armed Forces and National Security,summary:artificial intelligence,"National Defense Authorization Act for Fiscal Year 2026This bill sets forth policies and authorities for FY2026 for Department of Defense (DOD) programs and activities, military construction, and the ",,,
119-hr-5078,1.0,B,PILLAR Act,"Rep. Ogles, Andrew [R-TN-5] (R-TN)",2025-09-02,"Science, Technology, Communications",summary:artificial intelligence,"Protecting Information by Local Leaders for Agency Resilience Act or the PILLAR ActThis bill extends the State and Local Cybersecurity Grant Program through FY2035, expands the scope of the program,&n",,,
119-s-2912,1.0,B,Deceptive Practices and Voter Intimidation Prevention Act of 2025,"Sen. Alsobrooks, Angela D. [D-MD] (D-MD)",2025-09-18,Government Operations and Politics,summary:artificial intelligence,"Deceptive Practices and Voter Intimidation Prevention Act of 2025This bill generally prohibits deceptive communications and voter interference regarding federal elections.Specifically, the bill prohib",,,
119-hr-3838,1.0,B,Streamlining Procurement for Effective Execution and Delivery and National Defense Authorization Act for Fiscal Year 2026,"Rep. Rogers, Mike D. [R-AL-3] (R-AL)",2025-06-09,Armed Forces and National Security,summary:artificial intelligence,Streamlining Procurement for Effective Execution and Delivery and National Defense Authorization Act for Fiscal Year 2026This bill sets forth policies&nbsp;and authorities for FY2026 for Department of,,,
119-hr-4974,1.0,B,DETECT Act of 2025,"Rep. Buchanan, Vern [R-FL-16] (R-FL)",2025-08-15,Taxation,summary:artificial intelligence,Digital Evaluation for Tax Enforcement and Compliance Tracking Act of 2025 or the DETECT Act of 2025This bill directs the Government Accountability Office to submit a report to Congress within 180 day,,,
119-hr-1770,1.0,B,Consumer Safety Technology Act,"Rep. Soto, Darren [D-FL-9] (D-FL)",2025-03-03,Commerce,summary:artificial intelligence,"Consumer Safety Technology ActThis bill (1) establishes a pilot program to explore the use of artificial intelligence to support the Consumer Product Safety Commission (CPSC), and (2) requires reports",,,
119-s-1833,1.0,B,Leadership in CET Act,"Sen. Blackburn, Marsha [R-TN] (R-TN)",2025-05-21,Commerce,summary:artificial intelligence,Leadership in Critical and Emerging Technologies Act or the Leadership in CET ActThis bill directs the U.S. Patent and Trademark Office (USPTO) to establish and carry out a pilot program to expedite t,,,
119-hr-3539,1.0,B,Leadership in CET Act,"Rep. Gooden, Lance [R-TX-5] (R-TX)",2025-05-21,Commerce,summary:artificial intelligence,Leadership in Critical and Emerging Technologies Act or the Leadership in CET ActThis bill directs the U.S. Patent and Trademark Office (USPTO) to establish and carry out a pilot program to expedite t,,,
119-hr-1350,1.0,B,DOE and NSF Interagency Research Act,"Rep. Stevens, Haley M. [D-MI-11] (D-MI)",2025-02-13,"Science, Technology, Communications",summary:artificial intelligence,DOE and NSF Interagency Research ActThis bill provides statutory authority for a research and development partnership between the Department of Energy (DOE) and the National Science Foundation (NSF). ,,,
119-s-1053,1.0,B,FIGHT China Act of 2025,"Sen. Cornyn, John [R-TX] (R-TX)",2025-03-13,International Affairs,summary:artificial intelligence,Foreign Investment Guardrails to Help Thwart China Act of 2025 or FIGHT China Act of 2025&nbsp;This bill authorizes sanctions on certain foreign persons (individuals and entities) that are involved wi,,,
119-hr-1692,1.0,B,PATHS Act,"Rep. Guest, Michael [R-MS-3] (R-MS)",2025-02-27,Government Operations and Politics,summary:artificial intelligence,Producing Advanced Technologies for Homeland Security Act or the PATHS ActThis bill extends through FY2028 the authority of the Department of Homeland Security (DHS) to use other transactions (OT) to ,,,
119-hr-993,1.0,B,Emerging Innovative Border Technologies Act,"Rep. Correa, J. Luis [D-CA-46] (D-CA)",2025-02-05,Immigration,summary:artificial intelligence,Emerging Innovative Border Technologies ActThis bill requires U.S. Customs and Border Protection (CBP) and the Science and Technology Directorate of the Department of Homeland Security to develop a pl,,,
119-hr-1985,1.0,B,Promoting Precision Agriculture Act,"Rep. Davis, Donald G. [D-NC-1] (D-NC)",2025-03-10,Agriculture and Food,summary:artificial intelligence,"Promoting Precision Agriculture Act This bill requires the Department of Agriculture (USDA) to develop voluntary standards for precision agriculture (i.e., managing, tracking, or reducing crop or live",,,
119-s-554,1.0,B,United States-Israel Defense Partnership Act of 2025,"Sen. Sullivan, Dan [R-AK] (R-AK)",2025-02-12,International Affairs,summary:artificial intelligence,"United States-Israel Defense Partnership Act of 2025This bill requires or authorizes certain actions to increase defense-related cooperation between the United States and Israel.Specifically, the bill",,,
119-hr-1229,1.0,B,United States-Israel Defense Partnership Act of 2025,"Rep. Wilson, Joe [R-SC-2] (R-SC)",2025-02-12,International Affairs,summary:artificial intelligence,"United States-Israel Defense Partnership Act of 2025This bill requires or authorizes certain actions to increase defense-related cooperation between the United States and Israel.Specifically, the bill",,,
119-s-507,1.0,B,Promoting Precision Agriculture Act of 2025,"Sen. Thune, John [R-SD] (R-SD)",2025-02-11,Agriculture and Food,summary:artificial intelligence,"Promoting Precision Agriculture Act of 2025 This bill requires the Department of Agriculture (USDA) to develop voluntary standards for precision agriculture (i.e., managing, tracking, or reducing crop",,,
119-hr-1122,1.0,B,China Technology Transfer Control Act of 2025,"Rep. Green, Mark E. [R-TN-7] (R-TN)",2025-02-07,Foreign Trade and International Finance,summary:artificial intelligence,"China Technology Transfer Control Act of 2025This bill controls exports of certain national interest technology and intellectual property to China.Specifically, covered technology or intellectual prop",,,
119-s-168,1.0,B,Energy for America’s Economic Future Act,"Sen. Schmitt, Eric [R-MO] (R-MO)",2025-01-21,Energy,summary:artificial intelligence,"Energy for America’s Economic Future ActThis bill establishes a fund to reduce the principal of the federal debt. Each fiscal quarter, 25% of the total revenue generated by activities relating to adva",,,
119-hr-193,1.0,B,Maintaining Innovation and Safe Technologies Act,"Rep. Schweikert, David [R-AZ-1] (R-AZ)",2025-01-03,Health,summary:artificial intelligence,Maintaining Innovation and Safe Technologies ActThis bill requires the Centers for Medicare &amp; Medicaid Services (CMS) to issue guidance on payment requirements for certain remote monitoring device,,,
118-hr-8663,1.0,B,DETECT Fentanyl and Xylazine Act of 2024,"Rep. LaLota, Nick [R-NY-1] (R-NY)",2024-06-07,"Science, Technology, Communications",summary:artificial intelligence,Detection Equipment and Technology Evaluation to Counter the Threat of Fentanyl and Xylazine Act of 2024 or the DETECT Fentanyl and Xylazine Act of 2024This act&nbsp;provides statutory authority for t,,,
118-hr-7832,1.0,B,Emerging Innovative Border Technologies Act,"Rep. Correa, J. Luis [D-CA-46] (D-CA)",2024-03-29,Immigration,summary:artificial intelligence,Emerging Innovative Border Technologies ActThis bill requires U.S. Customs and Border Protection (CBP) and the Science and Technology Directorate of the Department of Homeland Security to develop a pl,,,
118-hr-9595,1.0,B,FIT Procurement Act,"Rep. Burlison, Eric [R-MO-7] (R-MO)",2024-09-16,Government Operations and Politics,summary:artificial intelligence,Federal Improvement in Technology Procurement Act or the FIT Procurement ActThis bill addresses various issues related to federal procurement policy and the federal acquisition workforce. &nbsp;For ex,,,
118-s-4419,1.0,B,DETECT Fentanyl and Xylazine Act of 2024,"Sen. Cornyn, John [R-TX] (R-TX)",2024-05-23,"Science, Technology, Communications",summary:artificial intelligence,Detection Equipment and Technology Evaluation to Counter the Threat of Fentanyl and Xylazine Act of 2024 or the DETECT Fentanyl and Xylazine Act of 2024This bill provides statutory authority for the D,,,
118-hr-9913,1.0,B,Ending FCC Meddling in Our Elections Act,"Rep. Clyde, Andrew S. [R-GA-9] (R-GA)",2024-10-04,"Science, Technology, Communications",summary:artificial intelligence,Ending FCC Meddling in Our Elections ActThis bill prohibits the Federal Communications Commission from finalizing or enforcing the proposed rule titled Disclosure and Transparency of Artificial Intell,,,
118-hr-9459,1.0,B,PATHS Act,"Rep. Guest, Michael [R-MS-3] (R-MS)",2024-09-06,Government Operations and Politics,summary:artificial intelligence,Producing Advanced Technologies for Homeland Security Act or the PATHS ActThis bill extends through FY2027 the other transaction authority (OTA) of the Department of Homeland Security (DHS) to enter i,,,
118-hr-8152,1.0,B,Remote Access Security Act,"Rep. Lawler, Michael [R-NY-17] (R-NY)",2024-04-29,Foreign Trade and International Finance,summary:artificial intelligence,Remote Access Security ActThis bill broadens the scope of the U.S. export control system to include remote access of controlled items if such access&nbsp;poses a serious risk to U.S. national security,,,
118-hr-4814,1.0,B,Consumer Safety Technology Act,"Rep. Soto, Darren [D-FL-9] (D-FL)",2023-07-20,Commerce,summary:artificial intelligence,"Consumer Safety Technology ActThis bill establishes a pilot program to explore the use of artificial intelligence to support the Consumer Product Safety Commission (CPSC).Specifically, the CPSC must c",,,
118-s-3554,1.0,B,FAIRR Act,"Sen. Warner, Mark R. [D-VA] (D-VA)",2023-12-18,Finance and Financial Sector,summary:artificial intelligence,Financial Artificial Intelligence Risk Reduction Act or the FAIRR ActThis bill addresses the impact of artificial intelligence on financial markets.The bill requires the Financial Stability Oversight ,,,
118-hr-6806,1.0,B,Farm Tech Act,"Rep. Feenstra, Randy [R-IA-4] (R-IA)",2023-12-14,Agriculture and Food,summary:artificial intelligence,Farm Tech ActThis bill directs the Department of Agriculture (USDA) to establish a program to certify software that uses artificial intelligence to perform a task in connection with producing agricult,,,
118-hr-2980,1.0,B,DOE and NSF Interagency Research Act,"Rep. Stevens, Haley M. [D-MI-11] (D-MI)",2023-04-27,"Science, Technology, Communications",summary:artificial intelligence, DOE and NSF Interagency Research Act This bill provides statutory authority for a research and development partnership between the Department of Energy (DOE) and the National Science Foundation (NSF),,,
118-hr-5808,1.0,B,Preventing Deep Fake Scams Act,"Rep. Pettersen, Brittany [D-CO-7] (D-CO)",2023-09-28,Finance and Financial Sector,summary:artificial intelligence,"Preventing Deep Fake Scams ActThis bill establishes the Task Force on Artificial Intelligence in the Financial Services Sector. Members include representatives from the Department of the Treasury, the",,,
118-s-2678,1.0,B,Outbound Investment Transparency Act of 2023,"Sen. Cornyn, John [R-TX] (R-TX)",2023-07-27,Finance and Financial Sector,summary:artificial intelligence,Outbound Investment Transparency Act of 2023This bill requires U.S. persons to notify the Department of the Treasury when making investments in or engaging in other economic activity associated with N,,,
118-s-2226,1.0,B,National Defense Authorization Act for Fiscal Year 2024,"Sen. Reed, Jack [D-RI] (D-RI)",2023-07-11,Armed Forces and National Security,summary:artificial intelligence,"National Defense Authorization Act for Fiscal Year 2024This bill authorizes FY2024 appropriations and sets forth policies for Department of Defense (DOD) programs and activities, military construction",,,
118-s-2316,1.0,B,Land Grant Research Prioritization Act of 2023,"Sen. Rubio, Marco [R-FL] (R-FL)",2023-07-13,Agriculture and Food,summary:artificial intelligence,"Land Grant Research Prioritization Act of 2023This bill includes additional priorities as Department of Agriculture (USDA) high-priority research and extension areas.Under the bill, USDA may award&nbs",,,
118-hr-4611,1.0,B,Candidate Voice Fraud Prohibition Act,"Rep. Espaillat, Adriano [D-NY-13] (D-NY)",2023-07-13,Government Operations and Politics,summary:artificial intelligence,Candidate Voice Fraud Prohibition ActThis bill prohibits the distribution of certain paid-for political communications that contain materially deceptive audio that is generated by artificial intellige,,,
118-hr-3559,1.0,B,FAA Research and Development Act of 2023,"Rep. Lucas, Frank D. [R-OK-3] (R-OK)",2023-05-22,Transportation and Public Works,summary:artificial intelligence,FAA Research and Development Act of 2023This bill reauthorizes through FY2028  Federal Aviation Administration (FAA) civilian aviation research and development activities. The bill also specifies requ,,,
118-hr-4373,1.0,B,Weather Information for Agriculture Act.,"Rep. Collins, Mike [R-GA-10] (R-GA)",2023-06-27,"Science, Technology, Communications",summary:artificial intelligence,"Weather Information for Agriculture ActThis bill reauthorizes, revises, and establishes programs related to weather forecasting, monitoring, and research for agriculture.Specifically, the bill reautho",,,
118-hr-4162,1.0,B,Land Grant Research Prioritization Act of 2023,"Rep. Franklin, C. Scott [R-FL-18] (R-FL)",2023-06-15,Agriculture and Food,summary:artificial intelligence,"Land Grant Research Prioritization Act of 2023This bill includes additional priorities as Department of Agriculture (USDA) high-priority research and extension areas.Under the bill, USDA may award gra",,,
118-s-1802,1.0,B,United States-Israel Future of Warfare Act of 2023,"Sen. Peters, Gary C. [D-MI] (D-MI)",2023-06-01,Armed Forces and National Security,summary:artificial intelligence, United States-Israel Future of Warfare Act of 2023 This bill requires the Department of Defense to establish the United States-Israel Future of Warfare Research and Development Fund to conduct collab,,,
118-s-1685,1.0,B,SUPERSAFE Act,"Sen. Padilla, Alex [D-CA] (D-CA)",2023-05-18,Environmental Protection,summary:machine learning," Supercomputing for Safer Chemicals Act or the SUPERSAFE Act This bill requires the Environmental Protection Agency to form the Supercomputing for Safer Chemicals (SUPERSAFE) Consortium to, among othe",,,
118-hr-3457,1.0,B,SUPERSAFE Act,"Rep. Lofgren, Zoe [D-CA-18] (D-CA)",2023-05-18,Environmental Protection,summary:machine learning," Supercomputing for Safer Chemicals Act or the SUPERSAFE Act This bill requires the Environmental Protection Agency to form the Supercomputing for Safer Chemicals (SUPERSAFE) Consortium to, among othe",,,
118-hr-3136,1.0,B,National Critical Capabilities Defense Act of 2023,"Rep. DeLauro, Rosa L. [D-CT-3] (D-CT)",2023-05-09,Foreign Trade and International Finance,summary:artificial intelligence, National Critical Capabilities Defense Act of 2023 This bill establishes a notification process for certain U.S. investment (known as outbound investment) involving national critical capabilities sec,,,
118-hr-2556,1.0,B,"Simplify, Don’t Amplify the IRS Act","Rep. Harshbarger, Diana [R-TN-1] (R-TN)",2023-04-10,Taxation,summary:artificial intelligence," Simplify, Don't Amplify the IRS Act This bill limits Internal Revenue Service (IRS) enforcement authority and modifies certain IRS reporting requirements. Among other provisions, the bill    increase",,,
118-s-1123,1.0,B,MARTTE Act of 2023,"Sen. Duckworth, Tammy [D-IL] (D-IL)",2023-03-30,Armed Forces and National Security,summary:artificial intelligence, Managing Active and Reserve Tech Talent Effectively Act of 2023 or the MARTTE Act of 2023 This bill requires the military departments to establish and implement policies related to human capital infr,,,
118-s-1101,1.0,B,"Simplify, Don’t Amplify the IRS Act","Sen. Braun, Mike [R-IN] (R-IN)",2023-03-30,Taxation,summary:artificial intelligence," Simplify, Don't Amplify the IRS Act This bill limits Internal Revenue Service (IRS) enforcement authority and modifies certain IRS reporting requirements. Among other provisions, the bill    increase",,,
118-hr-1777,1.0,B,United States-Israel Future of Warfare Act of 2023,"Rep. Wilson, Joe [R-SC-2] (R-SC)",2023-03-24,Armed Forces and National Security,summary:artificial intelligence, United States-Israel Future of Warfare Act of 2023 This bill requires the Department of Defense to establish the United States-Israel Future of Warfare Research and Development Fund to conduct collab,,,
118-hr-1697,1.0,B,Promoting Precision Agriculture Act of 2023,"Rep. Davis, Donald G. [D-NC-1] (D-NC)",2023-03-22,Agriculture and Food,summary:artificial intelligence," Promoting Precision Agriculture Act of 2023  This bill requires the Department of Agriculture (USDA) to develop voluntary standards for precision agriculture (i.e., managing, tracking, or reducing cr",,,
118-s-734,1.0,B,Promoting Precision Agriculture Act of 2023,"Sen. Thune, John [R-SD] (R-SD)",2023-03-09,Agriculture and Food,summary:artificial intelligence," Promoting Precision Agriculture Act of 2023  This bill requires the Department of Agriculture (USDA) to develop voluntary standards for precision agriculture (i.e., managing, tracking, or reducing cr",,,
118-hr-873,1.0,B,Water Quality and Environmental Innovation Act,"Rep. Donalds, Byron [R-FL-19] (R-FL)",2023-02-08,Environmental Protection,summary:artificial intelligence," Water Quality and Environmental Innovation Act This bill establishes and transfers funds to the Water Quality and Environmental Innovation Fund. Until September 30, 2028, the Environmental Protection",,,
118-hr-370,1.0,B,FinCEN Modernization Act of 2023,"Rep. Donalds, Byron [R-FL-19] (R-FL)",2023-01-17,Finance and Financial Sector,summary:machine learning, FinCEN Modernization Act of 2023 This bill requires&nbsp;the Financial Crimes Enforcement Network (FinCEN) to establish programs and perform research related to financial technology on topics such as,,,
